<?xml version="1.0" encoding="UTF-8"?>
<project-private xmlns="http://www.netbeans.org/ns/project-private/1">
    <editor-bookmarks xmlns="http://www.netbeans.org/ns/editor-bookmarks/2" lastBookmarkId="0"/>
    <open-files xmlns="http://www.netbeans.org/ns/projectui-open-files/2">
        <group>
            <file>file:/E:/xamp/htdocs/Project1/resources/views/layouts/design_Reg.blade.php</file>
            <file>file:/E:/xamp/htdocs/Project1/resources/views/layouts/design_main.blade.php</file>
            <file>file:/E:/xamp/htdocs/Project1/config/pages/Registration.php</file>
            <file>file:/E:/xamp/htdocs/Project1/app/Http/Controllers/HomePageController.php</file>
            <file>file:/E:/xamp/htdocs/Project1/app/Http/Controllers/UserController.php</file>
            <file>file:/E:/xamp/htdocs/Project1/routes/web.php</file>
            <file>file:/E:/xamp/htdocs/Project1/resources/views/Components/User_Registration.blade.php</file>
        </group>
    </open-files>
</project-private>
